,Algorithm,ProofType,TotalCoinsMined,TotalCoinSupply,PC 1,PC 2,PC 3,Class,CoinName
42,Scrypt,PoW/PoS,41.99995383,42.0,-0.3336991329084692,0.8947367846843723,-0.4793583126856918,0,42 Coin
404,Scrypt,PoW/PoS,1055184902.04,532000000.0,-0.31703844181693647,0.8949633879267552,-0.47999941669794594,0,404Coin
1337,X13,PoW/PoS,29279424622.5027,314159265359.0,2.315112667726061,1.5573386976905013,-0.6013256091474625,0,EliteCoin
BTC,SHA-256,PoW,17927175.0,21000000.0,-0.14132074681682327,-1.29587615682125,0.13608232808863815,2,Bitcoin
ETH,Ethash,PoW,107684222.6865,0.0,-0.1524963740488001,-1.9935121624537167,0.3950495431586548,2,Ethereum
LTC,Scrypt,PoW,63039243.3000049,84000000.0,-0.16740287939180118,-1.1584148581955414,0.016408855181087194,2,Litecoin
DASH,X11,PoW/PoS,9031294.37563393,22000000.0,-0.392309751830019,1.1353323201472494,-0.37307378904716615,0,Dash
XMR,CryptoNight-V7,PoW,17201143.1449131,0.0,-0.15213213986323657,-2.1030453014304755,0.3380517091593032,2,Monero
ETC,Ethash,PoW,113359703.0,210000000.0,-0.15093868593101803,-1.9936058618805486,0.39501777464767057,2,Ethereum Classic
ZEC,Equihash,PoW,7383056.25,21000000.0,-0.1548841718989578,-1.856362015794921,0.3564277319810068,2,ZCash
BTS,SHA-512,PoS,2741570000.0,3600570502.0,-0.26732666507364167,1.462805635598525,-0.19571787498224316,0,Bitshares
DGB,Multiple,PoW,11406219141.0,21000000000.0,0.16230408994257883,-1.7231250487768204,0.3056771571902012,2,DigiByte
BTCD,SHA-256,PoW/PoS,1288862.0,22000000.0,-0.3064477352636077,0.7572572208301982,-0.3597214546054414,0,BitcoinDark
XPY,SHA-256,PoS,11995334.8847328,12500000.0,-0.2649335988419833,0.6861734274488733,-0.15156231192894443,0,PayCoin
PRC,Scrypt,PoW,5768310.0,21000000.0,-0.16854901072458317,-1.158411519822112,0.016448317225624468,2,ProsperCoin
KOBO,X15,PoW/PoS,25542535.5881841,350000000.0,-0.23663865110510032,1.8744951380344372,-0.5867696556837916,0,KoboCoin
SPR,X11,PoW,11149733.9976203,20000000.0,-0.2273672262661522,-0.9178070719959844,0.1227379514018136,2,Spreadcoin
ARG,Scrypt,PoW,12205795.4449549,64000000.0,-0.16816561144657138,-1.158428354222641,0.016438970705281605,2,Argentum
AUR,Scrypt,PoW/PoS,18135099.992959,16768584.0,-0.3333587486281318,0.8947371850611512,-0.4793703736297832,0,Aurora Coin
BLU,Scrypt,PoW/PoS,635423900.0,0.0,-0.32593676475092914,0.8950200464971211,-0.4797005795360115,0,BlueCoin
XMY,Multiple,PoW,1688254250.0,2000000000.0,-0.09107183420048152,-1.7187506866837006,0.31350937738382073,2,MyriadCoin
MOON,Scrypt,PoW,88.0,384000000000.0,2.552797269410362,-1.3343669188740723,-0.03604664371350769,2,MoonCoin
ZET,SHA-256,PoW,170204389.754849,169795588.0,-0.13840594563394124,-1.2958764575021786,0.1359799614639498,2,ZetaCoin
SXC,Scrypt,PoW,128940951.183046,250000000.0,-0.16542131083328165,-1.1584615473691877,0.016350661943787547,2,SexCoin
QTL,Scrypt,PoW,7357794.7925,100000000.0,-0.16796968808286697,-1.158447011863543,0.016436660085709723,2,Quatloo
ENRG,Scrypt,PoW/PoS,123062801.128773,0.0,-0.33219579261316834,0.8947916441134853,-0.4794245996207656,0,EnergyCoin
QRK,Quark,PoW,259557164.91477,247000000.0,-0.22380514292430476,-0.37944766197222435,0.037614804654474046,2,QuarkCoin
RIC,Groestl,PoW,49548585.1412917,84000000.0,-0.20304762588666866,-1.1958698338880778,0.15442485169894,2,Riecoin
DGC,Scrypt,PoW,33442988.3440364,48166000.0,-0.16801839893094261,-1.1584116313200208,0.016429696275278835,2,Digitalcoin 
BTB,Scrypt,PoW/PoS,42579.476901,500000.0,-0.333695069861087,0.8947365745483731,-0.4793584039530838,0,BitBar
CAT,Scrypt,PoW,7219956.64626131,21000000.0,-0.1685312773392323,-1.158410872701254,0.01644753530576514,2,Catcoin
CBX,Scrypt,PoW/PoS,1039116.65144562,1000000.0,-0.3336793524097805,0.8947367896709331,-0.4793590090918357,0,CryptoBullion
CCN,Scrypt,PoW,4703879.51824446,13140000.0,-0.16861772090409632,-1.1584083925967863,0.016449965202656614,2,CannaCoin
CRYPT,X11,PoW,4996986.20575291,18000000.0,-0.22745656335026393,-0.9178088983214514,0.12274153898108565,2,CryptCoin
CSC,Scrypt,PoC,39999997299.8568,40000000000.0,0.6487996232076849,0.40682876858200123,-0.3831868274999639,0,CasinoCoin
DMD,Groestl,PoW/PoS,3304487.74735637,4380000.0,-0.36910766704532905,0.8572872889280974,-0.3413519615725103,0,Diamond
XVG,Multiple,PoW,15929530669.1206,16555000000.0,0.18605754236243963,-1.719071771826339,0.30384843108388493,2,Verge
DVC,SHA-256,PoW,18773857500.0,21000000000.0,0.23648938350615573,-1.297128386619403,0.12311129637866183,2,DevCoin
EAC,Scrypt,PoW,12539015186.822,13500000000.0,0.08008894112646274,-1.1590009557678584,0.00785450174182416,2,EarthCoin
EFL,Scrypt,PoW,20910478.8062499,21000000.0,-0.16836403326110708,-1.158404769685429,0.016440160996603666,2,E-Gulden
EMC2,Scrypt,PoW,218871896.499999,299792458.0,-0.16396981049067916,-1.1584442742663414,0.016295413550842058,2,Einsteinium
EMD,Scrypt,PoW,19496786.31025,32000000.0,-0.1683033414827017,-1.1584104404779674,0.01643941853955997,2,Emerald
EXCL,PoS,PoS,5679705.0,0.0,-0.3616061345376389,1.743540095080362,-0.16341109811113144,0,Exclusive Coin
FLT,Scrypt,PoS/PoW/PoT,461829905.32893,0.0,-0.2828782615942765,-0.032387940401700004,-0.29521283223724604,0,FlutterCoin
FRK,Scrypt,PoW,1142732.14912776,11235813.0,-0.1686747198065669,-1.1584091075331553,0.016452143733843613,2,Franko
FTC,NeoScrypt,PoW,208669093.00773,336000000.0,-0.17950823360675772,-1.6419349034957211,0.27327964874453414,2,FeatherCoin
GDC,Scrypt,PoW,884125802.0,1420609614.0,-0.14789934560833717,-1.1586613129789682,0.015783839475523344,2,GrandCoin
GLC,Scrypt,PoW,65672720.4708748,70000000.0,-0.1674699324529649,-1.158407268935857,0.016409350772771916,2,GlobalCoin
GLD,Scrypt,PoW,41658647.9999715,72245700.0,-0.167747373321474,-1.1584190030848764,0.016421978759201136,2,GoldCoin
HBN,Scrypt,PoW/PoS,89266933.684704,120000000.0,-0.3317581553137328,0.8947215901904613,-0.4794228022438867,0,HoboNickels
HYP,X11,PoS,1678520090.7713,0.0,-0.3306204432769114,1.0649937133410368,-0.16580642947693155,0,HyperStake
IFC,Scrypt,PoW,90595753018.6314,90600000000.0,1.5800731494033067,-1.159534471199447,-0.04473144771228373,2,Infinite Coin
IOC,X11,PoW/PoS,17650913.9743456,22000000.0,-0.39220445414182786,1.135336162635814,-0.3730784319482215,0,IOCoin
IXC,SHA-256,PoW,21089348.999,21000000.0,-0.1412821175469423,-1.295874747174657,0.13608062480453859,2,IXcoin
KGC,Scrypt,PoW,151447649.8,265420800.0,-0.16503707438114187,-1.1584585806016414,0.016336430509307977,2,KrugerCoin
LKY,Scrypt,PoW,19326319.14375,20000000.0,-0.16839047284221306,-1.158405017642922,0.016441151014918016,2,LuckyCoin
LTB,Scrypt,PoW,1104344.22938102,1350000.0,-0.16874525356877834,-1.1584045946149335,0.016453516011414957,2,Litebar 
MAX,SHA3,PoW/PoS,61445805.0,100000000.0,-0.3960947910678724,1.8433910063732704,-0.15579917238435503,0,MaxCoin
MEC,Scrypt,PoW,38151999.9930997,42000000.0,-0.16800457439014108,-1.1584067066375467,0.01642800282020896,2,MegaCoin
MED,HybridScryptHash256,PoW,40431856.9,200000000.0,-0.1351758385280583,-2.115931859479799,0.31993959620566076,2,MediterraneanCoin
MINT,Scrypt,PoS,21293925445.4969,0.0,-0.032120838800332105,0.833136356699263,-0.28266453388546103,0,MintCoin
MINC,Scrypt,PoW,5804204.88794916,10000000.0,-0.16862653374493153,-1.1584064632297117,0.016449801824231964,2,MinCoin
MZC,SHA-256,PoW/PoS,1613836099.99999,2419200000.0,-0.2697588404041973,0.7568775863424512,-0.36091779055382833,0,MazaCoin
NAUT,Scrypt,PoS,16180000.0,16180000.0,-0.29193612772850314,0.8236436638255358,-0.2712056292602962,0,Nautilus Coin
NAV,X13,PoW/PoS,66087096.2077108,0.0,-0.268334504538296,1.688274802305729,-0.5426378078552887,0,NavCoin
NOBL,Scrypt,PoW,2366066305.76482,15000000000.0,-0.033553176846319935,-1.164223247004798,0.013129011541549402,2,NobleCoin
NMC,SHA-256,PoW,14736400.0,21000000.0,-0.1413597254779107,-1.2958775792177175,0.1360840467784749,2,Namecoin
NYAN,Scrypt,PoW,334709223.483138,337000000.0,-0.16229103100595,-1.1584096856569857,0.016227931481614777,2,NyanCoin
OPAL,X13,PoW/PoS,15156364.3306548,0.0,-0.26895667681204,1.6882520981999987,-0.5426103743536084,0,OpalCoin
ORB,NeoScrypt,PoW/PoS,3220616.279225,3770000.0,-0.349303473864233,0.41126700343622036,-0.2223768730003443,0,Orbitcoin
POT,Scrypt,PoW/PoS,222677226.014206,420000000.0,-0.32800218564691674,0.8946435917005933,-0.4795356791736494,0,PotCoin
PXC,Scrypt,PoW/PoS,73959274.625,98000000.0,-0.3321010774421731,0.8947248474629358,-0.4794115490083333,0,PhoenixCoin
RDD,Scrypt,PoW/PoS,29315567169.0888,0.0,0.024421246834492823,0.9078051956821632,-0.49514894891082173,0,Reddcoin
RPC,Scrypt,PoW,1104157.42169891,21000000.0,-0.16860598823713369,-1.1584135990267375,0.01645082954054487,2,RonPaulCoin
SBC,Scrypt,PoW,24215181.725,250000000.0,-0.1667006458772114,-1.158508232442322,0.016407071786460566,2,StableCoin
SMC,Scrypt,PoW,25593737.1355044,51200000.0,-0.16809278255872256,-1.1584165206773294,0.01643350941039096,2,SmartCoin
SUPER,X11,PoS,50707661.7493518,0.0,-0.3505058783151963,1.064268060593941,-0.16492961908444162,0,SuperCoin
SYNC,X11,PoW/PoS,1177.0,1000.0,-0.3925759801194718,1.1353383753891761,-0.37306591730462,0,SyncCoin
SYS,SHA-256,PoW,563336541.299966,888000000.0,-0.12851321494035195,-1.2960303122690762,0.13567000966628517,2,SysCoin
TES,Multiple,PoS,80260463.7331396,100000000.0,-0.24766138883259625,0.2634514765327193,0.026986285572960986,0,TeslaCoin
TGC,SHA-256,PoW,43536800.0,47011968.0,-0.14082354091265914,-1.2958766600684288,0.13606497724624375,2,TigerCoin
TIT,PHI1612,PoS,1622326490.46336,2300000000.0,-0.3260655519760617,1.7255576282910843,-0.2968684263592281,0,TittieCoin
TOR,X11,PoW/PoS,1431851.00002479,10000000.0,-0.3924876359207258,1.135334431263515,-0.3730680550029367,0,TorCoin
TRC,SHA-256,PoW,22935396.0,42000000.0,-0.14111073053017054,-1.2958835471829466,0.13607675929843105,2,TerraCoin
UNB,SHA-256,PoW,2278150.0,80000000.0,-0.1410937588483686,-1.2959101688036823,0.13608269078185367,2,UnbreakableCoin
UNO,SHA-256,PoW,200911.79151896,250000.0,-0.1416843554670823,-1.295874550518262,0.13609471318781466,2,Unobtanium
URO,X11,PoW,1207310.0,0.0,-0.2276304316039193,-0.917802339458623,0.1227460412466151,2,UroCoin
USDE,Scrypt,PoW/PoS,1098952592.6,1600000000.0,-0.30893441932980475,0.8944935032974503,-0.48016901011169044,0,UnitaryStatus Dollar
UTC,Scrypt,PoW/PoS,50235211.141939,100000000.0,-0.332376716923645,0.8947133551837594,-0.47939904364092856,0,UltraCoin
VIA,Scrypt,PoW,23150892.1679687,23000000.0,-0.16832248944283587,-1.1584046874160805,0.01643868077038159,2,ViaCoin
VRC,Scrypt,PoST,32021108.4136696,0.0,-0.30475562146704627,0.3017134631909898,-0.3785040169183213,0,VeriCoin
VTC,Lyra2REv2,PoW,51173723.8166347,84000000.0,-0.1774970794241012,-1.158162771016274,0.15071093231308835,2,Vertcoin
WDC,Scrypt,PoW,119606941.0,265420800.0,-0.1654260420134849,-1.1584727746803933,0.016353581296390262,2,WorldCoin
XC,X11,PoW/PoS,6950831.0970606,5500000.0,-0.3924521091406807,1.1353389535965448,-0.3730704125196628,0,X11 Coin
XCR,Multiple,PoS,100000000.0,0.0,-0.24812899074340658,0.263506099657139,0.026989325121938617,0,Crypti
XJO,SHA-256,PoW,39195739.362088,45000000.0,-0.14089083116136344,-1.295877673288574,0.1360675906084988,2,JouleCoin
XST,X13,PoW/PoS,33093725.4123502,0.0,-0.26873755314509346,1.6882600943886952,-0.5426200361944505,0,StealthCoin
ZCC,Scrypt,PoW/PoS,147990237.978331,1000000000.0,-0.3248038674777324,0.894344520817683,-0.47957474781523196,0,ZCC Coin
BCN,CryptoNight,PoW,184066828814.0,184467440735.0,3.857544231876022,-2.2315154386881035,0.2495338064277169,2,ByteCoin
XDN,CryptoNight,PoW,6906587610.38292,10000000000.0,0.4568238441833138,-2.2305434574781473,0.3688133950409365,2,DigitalNote 
BURST,Shabal256,PoC,1813033920.0,2158812800.0,-0.034110313445693506,0.9283347776506898,-0.43589722847028967,0,BurstCoin
SJCX,Counterparty,PoS,51173144.0,500000000.0,-0.3394225161829906,1.6753748579174634,-0.21850477318425282,0,StorjCoin
MONA,Scrypt,PoW,68194674.8711679,105120000.0,-0.1671902142844765,-1.1584222379213818,0.0164031906903355,2,MonaCoin
NTRN,SHA-256,PoW/PoS,39121694.0,68000000.0,-0.30565954668879025,0.7572530072664097,-0.3597481221850275,0,Neutron
FAIR,Groestl,PoW/PoS,53193831.0,0.0,-0.3685292592825846,0.8573115358711363,-0.3413782352982631,0,FairCoin
NLG,Scrypt,PoW,415032420.0,1680000000.0,-0.15179140684660566,-1.1589892892022076,0.016001049357716728,2,Gulden
RBY,Scrypt,PoS,27184490.3918338,0.0,-0.29191637064355874,0.8236559837025317,-0.27120934460727636,0,RubyCoin
PTC,Scrypt,PoW,137517654.41397,166386000.0,-0.165909144143868,-1.1584194091049043,0.01635747396539681,2,PesetaCoin
KORE,X13,PoW/PoS,2022464.886973,12000000.0,-0.2690320722358579,1.6882407444910965,-0.5426049405199361,0,Kore
WBB,Scrypt,PoW,181919.2435974,2628000.0,-0.16874746424638623,-1.158405591442271,0.016453838139841376,2,Wild Beast Coin
NOTE,Scrypt,PoS,174646113.934655,500000000.0,-0.28657126716459813,0.8234926019616973,-0.27135713443272375,0,Dnotes
FLO,Scrypt,PoW,152270664.860648,160000000.0,-0.16577418086025542,-1.1584099061565811,0.01635040045550592,2,Flo
8BIT,Scrypt,PoW/PoS,1467841.0,0.0,-0.3336812025028548,0.89473743902494,-0.47935910330017345,0,8BIT Coin
STV,X13,PoW/PoS,7096834.0,10000000.0,-0.268984258319093,1.6882439230347892,-0.5426074003528871,0,Sativa Coin
ABY,Scrypt,PoW,792537250.0,1000000000.0,-0.15199922870942884,-1.158509403413497,0.01589067929224519,2,ArtByte
FLDC,Stanford Folding,PoW,719416990.0,1000000000.0,-0.12543020210967018,-2.224043077495085,0.32884221423396043,2,Folding Coin
U,X11,PoS,2689812.0,20000000.0,-0.3509507184732418,1.0642374902935072,-0.16490648901135402,0,Ucoin
UIS,Multiple,PoW,65113302.0,0.0,-0.12507502293404518,-1.7185577858623022,0.3146571139051124,2,Unitus
CYP,QuBit,PoW,6365285.0,0.0,-0.18841991385651433,-1.4253131084781232,0.1243400460912423,2,CypherPunkCoin
OMC,Scrypt,PoW,10140044.4430293,3371337.0,-0.1686205469749467,-1.158401492892756,0.01644837263167949,2,OmniCron
VTR,Scrypt,PoW/PoS,11604722.0,20000000.0,-0.33341562166898037,0.8947327931733993,-0.47936729788795224,0,Vtorrent
GRE,Scrypt,PoW,4610340640.89,10000000000.0,-0.041574065301646444,-1.1609316076566834,0.012603754000757151,2,GreenCoin
XCN,M7 POW,PoW,708506520.0,1840000000.0,-0.12417155106286182,-2.027729678429107,0.35391451589377976,2,Cryptonite
MSC,Scrypt,PoW,619478.0,619478.0,-0.16875635422718616,-1.158404476009395,0.016453877059242082,2,MasterCoin
SOON,SHA-256,PoW,12462620.0,21000000.0,-0.14138750208390985,-1.2958785928324768,0.13608527153502467,2,SoonCoin
1CR,Scrypt,PoW,88213.0,92000000000.0,0.48327451901189133,-1.2005620994324042,0.003875897924959291,2,1Credit
ISL,X11,PoW/PoS,1513704.0,0.0,-0.3925575101041977,1.1353390501077583,-0.3730667318805575,0,IslaCoin
NXS,SHA3,PoW/nPoS,63657220.0,78000000.0,-0.3757788616741492,2.004394240509381,0.5224861000945916,0,Nexus
MARS,X11,PoW,32221574.820996,33000000.0,-0.22701767530894484,-0.9178036355684797,0.12272482381865907,2,MarsCoin 
CTO,Lyra2RE,PoW,13742738.0,65789100.0,-0.1514862679371726,-2.1197828101622025,0.337083072020184,2,Crypto
ACP,SHA-256,PoW,14747200.0002,53760000.0,-0.14112740998099052,-1.2958925861998183,0.13607956197475937,2,Anarchists Prime
DRZ,QUAIT,PoW/PoS,8568038.35935056,5060000.0,-0.41155072004181503,1.8892773634156668,-0.5221854120410769,0,Droidz
BSC,X11,PoW,15863837.5,21000000.0,-0.22730255114034098,-0.9178054287595847,0.12273527545996296,2,BowsCoin
SQL,X11,PoS/PoW,329200.01639,0.0,-0.36823011509944853,0.8367503424304292,-0.30372931311640294,0,Squall Coin
SONG,Scrypt,PoW,32565300.0,210240000.0,-0.1668804358663326,-1.1584862906477322,0.016408010085246373,2,Song Coin
ZNY,Scrypt,PoW,75614500.0,250000000.0,-0.16607274932946006,-1.1584853194482696,0.01637938588381787,2,BitZeny
DIGS,Scrypt,PoS,100000000.0,100000000.0,-0.2903181118343248,0.8236426201373209,-0.27126223831921176,0,Diggits
EXP,Ethash,PoW,10495278.0,16906397.0,-0.15356381630494864,-1.9935632348430132,0.39509958187772726,2,Expanse
CON,X13,PoW/PoS,23042604.0,50000000.0,-0.26850596761007867,1.6882327019820935,-0.5426214582841957,0,Paycon
SC,Blake2b,PoW,33098296530.0,0.0,0.36692700533864775,-2.0628042660090555,0.37805634643541897,2,Siacoin
EMC,SHA-256,PoW/PoS,43059794.804778,1000000000.0,-0.2990059721983544,0.7568276872775801,-0.3598776675712359,0,Emercoin
EGC,X15,PoW/PoS,13530556.4180753,26298000.0,-0.23907959893158023,1.8746381150497466,-0.5867189285862551,0,EverGreenCoin
MND,X11,PoW,15867695.0,16000000.0,-0.22733794106876634,-0.9178031358622303,0.12273595698812392,2,MindCoin
I0C,SHA-256,PoW,20997476.8650231,21000000.0,-0.14128323986135607,-1.2958747881297854,0.1360806742908556,2,I0coin
DCR,BLAKE256,PoW/PoS,10365046.9281661,21000000.0,-0.06475497275894825,0.7602799431054189,-0.3981177812627184,0,Decred
RVR,Scrypt,PoW,210000000.0,210000000.0,-0.16471458600328562,-1.1584070831196709,0.01631246887139098,2,Revolution VR
HODL,1GB AES Pattern Search,PoW,11448949.0,81962100.0,-0.15677220717246607,-2.0262751116389146,0.34037522270805637,2,HOdlcoin
EDRC,SHA-256,PoW/PoS,3669691.84494672,22000000.0,-0.3064186509315465,0.7572582821660663,-0.3597227370236818,0,EDRCoin
HTC,X11,PoW/PoS,10996318099.0,26550000000.0,-0.07007370481491412,1.128074204253858,-0.3826189582497968,0,Hitcoin
GAME,Scrypt,PoW,69836100.0,84000000.0,-0.16731984866297636,-1.158411828265527,0.016405194099202713,2,Gamecredits
DBIC,SHA-256,PoW/PoS,5129014.0,10500000.0,-0.3064823290010222,0.7572642024173516,-0.35972195078415414,0,DubaiCoin
DIEM,SHA-256,PoW,21739971929.0,21626280000.0,0.2771622836011005,-1.2960931240036142,0.12142799272002658,2,CarpeDiemCoin
PWR,NIST5,PoW/PoS,10069449031.9252,0.0,-0.23180744170223838,1.455018525260547,-0.5173034826558347,0,PWR Coin
BLRY,Scrypt,PoW/PoS,8998743.2411911,42000000.0,-0.3332915334029609,0.8947215502876799,-0.479368902061042,0,BillaryCoin
GPU,Scrypt,PoS,40477042.0,221052632.0,-0.2901872974773451,0.823560615135381,-0.27124672713236503,0,GPU Coin
ADZ,X11,PoW,45110324.0,84000000.0,-0.22649876779949601,-0.9178212599831993,0.12271090859823384,2,Adzcoin
SOIL,Dagger,PoW,5702048.0,30000000.0,-0.1528633503827195,-2.1812737755286506,0.43540992192944333,2,SoilCoin
YOC,Scrypt,PoW,636462.55983338,168351300.0,-0.16756736248899656,-1.1584813291214024,0.01643093541538233,2,YoCoin
SIB,X11GOST,PoW,17263355.0,24000000.0,-0.13688425113540734,-2.289068345077715,0.4238651377504745,2,SibCoin
ERC,X11,PoW/PoS,10407269.7881868,384000000.0,-0.3897273002955306,1.1351670522665338,-0.37312402328001326,0,EuropeCoin
ZEIT,Scrypt,PoS,36971236046.8073,99000000000.0,0.8610475688762395,0.7947597317367868,-0.30464441185426644,0,ZeitCoin
SWING,SHA-256,PoW/PoS,4377081.60953993,40000000.0,-0.30628243603751815,0.7572503492692375,-0.35972557903601754,0,SwingCoin
SAFEX,Scrypt,PoC,2147483647.0,2147483647.0,-0.08188482357097963,0.40730009196695466,-0.3576225802269809,0,SafeExchangeCoin
NEBU,PoS,PoS,20000000.0,20000000.0,-0.36128944891684184,1.7435373141278774,-0.16342154606717665,0,Nebuchadnezzar
FRN,Scrypt,PoW,6570807.65677618,20000000.0,-0.168546294784921,-1.1584107038459432,0.016448021686768028,2,Francs
BOLI,X11,PoW,13654082.4987998,25000000.0,-0.22730119597240606,-0.9178082467752172,0.1227359188450885,2,BolivarCoin
XRA,X11,PoW/PoS,134554941.15119,75000000.0,-0.3904007161656164,1.1353639900974029,-0.37314864775218776,0,Ratecoin
REV,SHA-256,PoW/PoS,1195525.0,222725000.0,-0.3050262550271347,0.7571651998915873,-0.3597488476920648,0,Revenu
CKC,SHA-256,PoW/PoS,16662820.0,525000000.0,-0.30269495883796527,0.7570335818139107,-0.35979850644754935,0,Clockcoin
VIP,NIST5,PoW/PoS,83450403.0,90000000.0,-0.3531590150066925,1.4505256855794544,-0.5119368954864831,0,VIP Tokens
BSD,X11,PoW/PoS,24387724.5010828,139000000.0,-0.39129292992709913,1.1352855522390324,-0.3730980570665112,0,BitSend
OMNI,Scrypt,PoW,616448.0,616448.0,-0.16875641271666542,-1.1584044759716667,0.016453879105596713,2,Omni
LIR,POS 3.0,PoS,38589808.6658096,33500000.0,-0.34766325277193544,1.7028481215750961,-0.22156858496800055,0,Let it Ride
PUT,Scrypt,PoW/PoS,813092338.575672,2000000000.0,-0.30959153781524534,0.8941827771486041,-0.4800697218558306,0,PutinCoin
IBANK,Scrypt,PoW/PoS,4526324.0,44333333.0,-0.3333296314033382,0.8947184873385834,-0.47936681203809245,0,iBankCoin
FRWC,Scrypt,PoW/PoS,100000000.0,100000000.0,-0.3317687878659799,0.8947355395307393,-0.47942584911511765,0,Frankywillcoin
MUDRA,X13,PoS,5000000.0,200000000.0,-0.22621258934299568,1.617063004152097,-0.3344686371383813,0,MudraCoin
PIZZA,X11,PoW,1377917.0,25000000.0,-0.22745116220143421,-0.9178137192934627,0.12274253132039425,2,PizzaCoin
LC,X11,PoS,657000000.0,657000000.0,-0.3384429532977878,1.0642372752664877,-0.16534602026565826,0,Lutetium Coin
KMD,Equihash,dPoW/PoW,115898131.0,200000000.0,-0.2770763460282246,-0.8186892046666443,0.3764714638875476,2,Komodo
GB,X11,PoW/PoS,15563873.0,50000000.0,-0.392031502044641,1.1353224016709684,-0.373081135970888,0,GoldBlocks
CTC,Scrypt,PoW/PoS,43165500.0,90000000.0,-0.3325339549591376,0.8947147859750838,-0.4793938683758517,0,CarterCoin
KRB,CryptoNight,PoW,7822432.72439746,10000000.0,0.30174496692793606,-2.229041043532383,0.37389521399354675,2,Karbo
BXT,SHA-256,PoW/PoS,595429.0,21000000.0,-0.3064632936849018,0.7572573699444055,-0.3597209443711495,0,BitTokens
ZYD,SHA-256,PoW,6243840.0,9736000.0,-0.14154330359028924,-1.2958762034999254,0.13609016126726445,2,ZayedCoin
MST,X11,PoW/PoS,657636.34549789,3000000.0,-0.39254670563679966,1.1353372937798434,-0.3730666809289674,0,MustangCoin
ZNE,Scrypt,PoW/PoS,2581970.0,21000000.0,-0.3335187566316369,0.8947283127393113,-0.4793625745634932,0,ZoneCoin
COVAL,Multiple,PoW,1000000000.0,1200000000.0,-0.10514950956197466,-1.718690910982247,0.3139894779373669,2,Circuits of Value
ROOT,Scrypt,PoW/PoS,1939889.0,0.0,-0.3336754359417501,0.8947376494563888,-0.4793593575657047,0,RootCoin
DOPE,Scrypt,PoW,116845228.0,200000000.0,-0.16592344328860054,-1.15844402767171,0.016364013284812434,2,DopeCoin
BTCR,Scrypt,PoS,169598616.0,0.0,-0.2901766328255987,0.8237194696420846,-0.27128605503357883,0,BitCurrency
DLC,SHA-256,PoW,9106714.0,10638298.0,-0.14150193562741314,-1.295875340741501,0.13608849583586882,2,DollarCoin
SCN,Scrypt,PoW/PoW,665200057.0,3100000000.0,-0.24087365132739516,0.3428280138954602,-0.2946236640308181,0,Swiscoin
SH,Scrypt,PoW,11119200.0,30000000.0,-0.16841985730131567,-1.1584132586008637,0.016444204513376606,2,Shilling
BUZZ,SHA-256D,PoW/PoS,19577787259.0,20000000000.0,0.029415710915381886,1.7728248018214523,-0.6324011634964178,0,BuzzCoin
XPO,PoS,PoS,74033806.7949683,74000000.0,-0.36024664917066157,1.7435366568151605,-0.16345803396418773,0,Opair
PSB,Scrypt,PoW/PoS,33522957.0,0.0,-0.33328961566182913,0.8947517286829921,-0.4793763695762751,0,PesoBit
HALLO,X11,PoW/PoS,264678458.288619,1500000000.0,-0.3787115612408542,1.1347690114236768,-0.37341356562726014,0,Halloween Coin
XZC,Lyra2Z,PoW,7568281.24956067,21400000.0,-0.14798192711115177,-2.164906187719815,0.4270347903474622,2,ZCoin
CFC,PoS,PoS,148716816.0,39999898.0,-0.3595752906083921,1.7435855293616396,-0.16349361293826953,0,CoffeeCoin
ROYAL,X13,PoS,2500124.0,2500124.0,-0.2276428906171113,1.6171523912113612,-0.33444028817754573,0,RoyalCoin
GNJ,X14,PoW/PoS,100000000.0,100000000.0,-0.40809652930679147,1.8663061995406798,-0.6874332401332363,0,GanjaCoin V2
TEAM,PoS,PoS,17818682.1654,301000000.0,-0.35932453368766587,1.7434075775421494,-0.1634587897707157,0,TeamUP
LANA,SHA-256D,PoW/PoS,1082162635.53683,7506000000.0,-0.2850778354622971,1.7703049431093767,-0.6207304230743571,0,LanaCoin
ELE,Ethash,PoW,26205539.0,26205539.0,-0.15330599216446297,-1.9935604926573491,0.3950898482597937,2,Elementrem
ZCL,Equihash,PoW,5613550.0,21000000.0,-0.154905788272538,-1.8563628046125074,0.35642868511383735,2,ZClassic
ARK,DPoS,DPoS,108202084.0,125000000.0,3.7278021277561306,1.8768165038910927,-0.5855523365032179,0,ARK
INSANE,X11,PoW/PoS,18342813.0,30000000.0,-0.3921393025870746,1.1353328051889464,-0.37307989840461747,0,InsaneCoin
KLC,Scrypt,PoW,196297971.0,10000000000.0,-0.0954962231641793,-1.162899317284707,0.014981348874006262,2,KiloCoin
ATX,X11,PoW,824000000.0,500000000.0,-0.21403545128906368,-0.9176646694106657,0.12223448881137129,2,ArtexCoin
EMB,X13,PoW/PoS,92192822723.0,850000000.0,0.8631144340741167,1.728953927440109,-0.5923774773481877,0,EmberCoin
XEN,X11,PoW/PoS,3853326.77707314,3853326.77707314,-0.39250161905151826,1.135338327342865,-0.37306851893432746,0,XenixCoin
FRE,PoS,PoS,50000000.0,50000000.0,-0.3607103451608726,1.7435369405816303,-0.1634418070045124,0,FreeCoin
PLNC,Scrypt,PoW/PoS,17089600.0,38540000.0,-0.3332172175469575,0.8947267425572232,-0.4793727870921556,0,PLNCoin
ARCO,Scrypt,PoW/PoS,2449577.41533168,42000000.0,-0.33337153832813726,0.8947186307742964,-0.47936537439621074,0,AquariusCoin
KURT,X11,PoW,61364813.0,228000000.0,-0.2252796150862206,-0.9178799999109442,0.12268246537313958,2,Kurrent
XCRE,PoS,PoS,20000000.0,20000000.0,-0.36128944891684184,1.7435373141278774,-0.16342154606717665,0,Creatio
ENT,X11,PoW/PoS,6069482.07721352,60000000.0,-0.39207661187779896,1.1353135868678546,-0.37307738909200433,0,Eternity
EUC,SHA-256,PoW/PoS,12416554.0,20000000.0,-0.3063259736628909,0.7572630978484225,-0.35972717502070617,0,Eurocoin
BCF,Scrypt,PoW/PoS,20244023.640728,33000000.0,-0.333217947209255,0.8947306873737717,-0.4793737287661512,0,BitcoinFast
XSN,X11,TPoS,75590369.0,76500000.0,-0.39691392705082645,0.7265773410977248,0.13513702375338724,0,Stakenet
BCCOIN,Scrypt,PoW/PoS,11080722.3769581,28000000.0,-0.3333653235906847,0.8947288936983604,-0.4793681094085876,0,BitConnect Coin
MONEY,Scrypt,PoW/PoS,10914418.0,650659833.0,-0.32895430941792764,0.8944434946924359,-0.4794531506266367,0,MoneyCoin
XNG,X11,PoW/PoS,814671.0,5000000.0,-0.39253061247316423,1.1353364473122838,-0.37306703895703613,0,Enigma
XCI,CryptoNight,PoW,978145.0,21000000.0,0.3017393182934608,-2.229049135197422,0.3738973966906849,2,Cannabis Industry Coin
RC,Scrypt,PoW/PoS,8377873.0,144000000.0,-0.33257620212637723,0.8946745334877111,-0.47938251319534364,0,Russiacoin
PND,Scrypt,PoS,33813143821.8337,32514916898.0,0.3512610949665723,0.8238177332517328,-0.2938534063273759,0,PandaCoin
UNITS,Scrypt,PoW/PoS,3472983.0,13000000.0,-0.33356457125684225,0.8947323758230445,-0.4793619607321846,0,GameUnits
GAKH,Scrypt,PoW/PoS,3315789.0,3315789.0,-0.33363512752374747,0.8947367433982126,-0.47936055202377076,0,GAKHcoin
ASAFE2,Quark,PoS,10517772.7391666,15000000.0,-0.35197184473182397,1.6025959644843197,-0.24986832990179692,0,Allsafe
LTCR,QuBit,PoW/PoS,30227750.0,78835200.0,-0.3525004928451495,0.627802656916865,-0.3714961938004846,0,LiteCreed
OS76,Scrypt,PoW,894026.0,2714286.0,-0.16873815357165975,-1.1584053135357804,0.016453442771124496,2,OsmiumCoin
BIC,CryptoNight,PoW,9357088.0,25000000.0,0.30187002550619463,-2.2290472329408324,0.37389233654370513,2,Bikercoins
HXX,Lyra2RE,PoW,1876146.443596,9999999.0,-0.15202663104394257,-2.119762535549639,0.3370970914337846,2,HexxCoin
KED,Scrypt,PoW/PoS,23965372.0,500000000.0,-0.32986266639742834,0.8945183502902126,-0.47943958204414916,0,Klingon Empire Darsek
IOP,SHA-256,PoW/PoS,2526078.47525448,21000000.0,-0.30643970877792037,0.7572582305970645,-0.3597219843027128,0,Internet of People
KUSH,X11,PoW/PoS,5659096.95728771,9354000.0,-0.3924405741475985,1.1353366117223203,-0.37307024365910463,0,KushCoin
PRX,Scrypt,PoW/PoS,11821728.0,20000000.0,-0.33341297071323217,0.8947328899112036,-0.4793674147767981,0,Printerium
PAC,X11,PoW,536982074.0,100000000000.0,0.48765565534178335,-0.9633870544858005,0.10878533015860116,2,PacCoin
IMPCH,Scrypt,PoW/PoS,308179.0,21933333.0,-0.33353991845803316,0.8947268714332894,-0.47936147740742197,0,Impeach
CTL,CryptoNight-V7,PoW,10969318.522954,185000000.0,-0.1508970972152293,-2.1031328530546944,0.33802977246921556,2,Citadel
ZBC,Scrypt,PoS,2922613.96424908,55000000.0,-0.29182294732445535,0.8236199651908758,-0.27120379577385373,0,Zilbercoin
FRST,Scrypt,PoW/PoS ,110000000.0,110000000.0,-0.3162651146127302,0.2909233154833095,-0.27272093211517584,0,FirstCoin
BVC,Scrypt,PoW,3115258.0,3360000.0,-0.16870644245446254,-1.1584046192351882,0.01645215803641699,2,BeaverCoin
FIND,X13,PoS,14524851.4827,14524851.4827,-0.22741077178878674,1.617152241484967,-0.33444840925254576,0,FindCoin
VLTC,X11,PoW,30385540.0,1000000000.0,-0.22018657857461318,-0.918247567818822,0.1225936033905489,2,VaultCoin
ZER,Equihash,PoW,6921653.89980891,17000000.0,-0.15491815805375672,-1.8563603885385163,0.35642852739711073,2,Zero
CHAT,Scrypt,PoW/PoS,1000000000.0,1000000000.0,-0.3143956751869005,0.8947243331433172,-0.480033677235185,0,OpenChat
CDN,Scrypt,PoW,99843408.3158479,100000000.0,-0.16683987937339578,-1.1584057832561654,0.016386843322029176,2,Canada eCoin
ZOI,Lyra2RE,PoW,18545757.5,21000000.0,-0.1517450327512516,-2.11976014509512,0.33708660852481576,2,Zoin
RNS,Scrypt,PoS,36050365.0,34426423.0,-0.2915640705050687,0.8236441605568134,-0.2712188269736744,0,RenosCoin
DBIX,Dagger-Hashimoto,PoW,2232901.0,2232901.0,-0.1348723616439993,-2.2001098226940723,0.3685027364250137,2,DubaiCoin
XVP,X11,PoW/PoS,13162749.0858027,100000000.0,-0.39170646377171825,1.135298419510905,-0.3730866786811602,0,VirtacoinPlus
TAJ,Blake2S,PoW/PoS,12184195.9258495,36900000.0,-0.40123625747472685,1.7097774329921305,-0.6919811416007878,0,TajCoin
IMX,X11,PoW/PoS,110630387.850471,110000000.0,-0.3904449202982722,1.1353372866699718,-0.373140546191723,0,Impact
EB3,Scrypt,PoW,64096052.0,4000000000.0,-0.1396356703716827,-1.1602088374949826,0.01587288573622014,2,EB3coin
ATMOS,PoS,PoS,111135836.889,110290030.0,-0.35953620664916064,1.7435365669249985,-0.1634829803434557,0,Atmos
HPC,X11,PoW/PoS,21521322.0099142,100000000.0,-0.39160435504227736,1.135302145629035,-0.37309118097115107,0,HappyCoin
CXT,NIST5,PoW,10123200.0,48252000.0,-0.18941984743425352,-0.602629125078071,-0.016079082347300686,2,Coinonat
MCRN,PoS,PoS,401421401.0,400000000.0,-0.3539367707714846,1.7435332161799102,-0.16367895023500312,0,MacronCoin
RAIN,X11,PoW/PoS,121665451.643876,500000000.0,-0.38754602538462835,1.1351634940610182,-0.373199811422081,0,Condensate
IMS,Scrypt,PoW/PoS,5368934.0,21212121.0,-0.3334832075566015,0.8947294579219075,-0.47936410474464514,0,Independent Money System
ARGUS,Scrypt,PoW/PoS,1148324.0,28600000.0,-0.3334824058014426,0.8947241910526845,-0.47936284142064917,0,ArgusCoin
LMC,Scrypt,PoW/PoS,500000.0,1000000000.0,-0.32660561532890287,0.8942787720284177,-0.47949530317459355,0,LomoCoin
PROC,SHA-256,PoS,100545745.0,75000000000.0,0.2676153220704127,0.6518509636136599,-0.1618623896741503,0,ProCurrency
XGR,X11,PoW/PoS,17171382.0,40000000.0,-0.3920827387409318,1.1353277006282565,-0.37308063463301727,0,GoldReserve
BENJI,Scrypt,PoW,20276099.146524,35520400.0,-0.16826887084010406,-1.1584117062451933,0.016438517454561118,2,BenjiRolls
GRW,Scrypt,PoS,295135466.361878,2000000000.0,-0.27446824788250923,0.8228589608652875,-0.2716271170183988,0,GrowthCoin
ILC,SHA-256,PoW,1317747500.0,2500000000.0,-0.10787238882149469,-1.2964326836332094,0.13504325662860148,2,ILCoin
PHR,PoS,PoS,11390225.9742772,30000000.0,-0.36132375222737706,1.7435288936728288,-0.1634182756813307,0,Phreak
DEA,Scrypt,PoW/PoS,21358764.0,105000000.0,-0.3326940359409653,0.8946981913477051,-0.4793841731397496,0,Degas Coin
HTML5,X15,PoW/PoS,40659020000.0,90000000000.0,0.8951282060877807,1.8515280755114434,-0.6209136646019664,0,HTML5 Coin
USC,SHA-256,PoS,10343113.0,200084200.0,-0.2636242962604883,0.6860867331660078,-0.15158706870665412,0,Ultimate Secure Cash
EQT,Scrypt,PoW,13673406.4325268,72000000.0,-0.16809098375712844,-1.1584313658695224,0.01643708641677084,2,EquiTrader
QTUM,POS 3.0,PoS,100000000.0,100000000.0,-0.3464417501273542,1.70284502459228,-0.22161075512067327,0,QTUM
QRL,CryptoNight-V7,PoW,69036016.8340164,105000000.0,-0.15075474446111398,-2.1030703090053753,0.338009432922085,2,Quantum Resistant Ledger
ESP,536,PoW/PoS,22801882871.0,50000000000.0,0.5997073158591788,1.7938116069235142,-0.7505708901058147,0,Espers
DYN,Argon2d,PoW,19784224.6512734,0.0,-0.18306418835008348,-2.0393200481682747,0.41154431209399256,2,Dynamic
NANO,Blake2b,PoW,133248297.0,340282367.0,-0.03336389089769365,-2.077655486775189,0.39576622770070163,2,Nano
CHAN,Cloverhash,PoW,18407259.0885883,30000000.0,-0.14831627779192724,-2.0581467433817515,0.4432665763208377,2,ChanCoin
DCY,CryptoNight,PoW,1809467143.0,2000000000.0,0.33785789211562384,-2.229149787875901,0.3726526948139485,2,Dinastycoin
DNR,NIST5,PoW/PoS,4171382.0,10000000.0,-0.35469448417508653,1.4505270031036879,-0.5118832546708217,0,Denarius
DP,X11,PoW,35138975.0,100000000.0,-0.2265071797133013,-0.9178330368198864,0.12271409206025602,2,DigitalPrice
VUC,NIST5,PoW/PoS,62942075.0,120000000.0,-0.3531969234183594,1.4505027962283699,-0.511929950447191,0,Virta Unique Coin
BTPL,Skein,PoW/PoS,6804362.0,100000000.0,-0.41357057987660795,1.9089164682243607,-0.7223895856413904,0,Bitcoin Planet
UNIFY,Scrypt,PoW,18133195.0,19276800.0,-0.16841017371939812,-1.158405218122635,0.016441892560110808,2,Unify
BRIT,X13,PoW/PoS,21268092.0,30000000.0,-0.26866939334146656,1.6882410756439938,-0.5426177680311387,0,BritCoin
SOCC,Scrypt,PoW,5167775.0,75000000.0,-0.16817362672929242,-1.1584365322506287,0.01644125775526745,2,SocialCoin
ARC,X11,PoW,26042364.3735553,60000000.0,-0.22690180076151106,-0.9178187625214814,0.12272446073719395,2,ArcticCoin
DAS,X11,PoW,2622886.0,18900000.0,-0.22747918680339888,-0.9178103690693479,0.12274269472537426,2,DAS
LINDA,Scrypt,PoW/PoS,9044930943.24243,50000000000.0,0.13116469665360814,0.8758570928187995,-0.4910663646316082,0,Linda
XLC,CryptoNight,PoW,14161803.0,54000000.0,0.30213425503667934,-2.229058379906634,0.37388578360109515,2,LeviarCoin
ONION,X13,PoW/PoS,21917018.0492836,18898187.6216583,-0.26874014912972644,1.688246452169932,-0.5426165997177992,0,DeepOnion
BTX,Time Travel,PoW,17801865.1605478,21000000.0,-0.16394475337158018,-2.314871738949959,0.3498725408448434,2,Bitcore
GCN,Scrypt,PoW,163055097500.0,200000000000.0,3.24060268573571,-1.1773642232829984,-0.09871849289705266,2,gCn Coin
SMART,Keccak,PoW,2241009149.22257,5000000000.0,-0.1217438139883033,-1.0936144743587413,0.1020922254884383,2,SmartCash
SIGT,SkunkHash v2 Raptor,PoS,107972766.0,137500000.0,-0.34546342056729834,1.686941122684077,-0.249273620783286,0,Signatum
ONX,X11,PoW,122475638.389743,1100000000.0,-0.218352860460442,-0.918252339080614,0.12253032754892065,2,Onix
CRM,Skein,PoW/PoS,47331802.4774238,100000000.0,-0.41307549471168775,1.9089345347091662,-0.7224114154790046,0,Cream
BCH,SHA-256,PoW,17995589.6469082,21000000.0,-0.14131991106020164,-1.2958761263230976,0.13608229123753998,2,Bitcoin Cash
XMCC,X11,PoW/PoS,12569262.5359307,9507271.0,-0.39235507293758,1.1353396219293996,-0.3730739867294583,0,Monoeci
DFT,Scrypt,PoS,18663297.3489799,17405891.19707116,-0.2918971032544994,0.8236442090928539,-0.27120713447728934,0,Draftcoin
VET,VeChainThor Authority,Proof of Authority,55454734800.0,86712634466.0,4.438593475485468,0.0984263687621688,17.530307469341142,3,Vechain
SOJ,Scrypt,PoW,485214.0,10500000000.0,-0.09434457605211279,-1.1632157252543665,0.015018461521945827,2,Sojourn Coin
STCN,PoS,PoS,4000000.0,61599965.0,-0.3611900696643237,1.7435111190009882,-0.1634186153700108,0,Stakecoin
NYC,Scrypt,PoW,143006669741.687,0.0,1.5782080533408605,-1.0946543820446584,-0.0605753008458849,2,NewYorkCoin
FRAZ,Scrypt,PoW,9704042.0,20000000.0,-0.1685080190432686,-1.1584093071001826,0.016446333990823896,2,FrazCoin
KRONE,Scrypt,PoW,17453749.4042601,84000000.0,-0.16795975398090668,-1.1584351794796666,0.016433409505699565,2,Kronecoin
ACC,Scrypt,PoW,32646731.063036,100000000.0,-0.16766075721931706,-1.158435738460202,0.016423038367542723,2,AdCoin
LINX,Scrypt,PoW,33716526.0,100000000.0,-0.16764768855283924,-1.1584352615627282,0.016422462129579492,2,Linx
XCXT,Scrypt,PoW/PoS,19539588.0,48252000.0,-0.3331184554460664,0.8947233843390434,-0.47937543459822995,0,CoinonatX
ETHD,Scrypt,PoW/PoS,4200000.0,4200000.0,-0.33361805919337534,0.8947367323884227,-0.4793611491885593,0,Ethereum Dark
SUMO,CryptoNight,PoW,8946653.0,88888888.0,0.30231781837956306,-2.229076692065826,0.3738838226566509,2,Sumokoin
ODN,SHA-512,PoS,25000000.0,91388946.0,-0.32538342477714466,1.4632026638739313,-0.19377483303142676,0,Obsidian
ADA,Ouroboros,PoS,25927070538.0,45000000000.0,0.6673746590095985,1.5631798728921975,-0.20602817806624954,0,Cardano
REC,X11,PoW/PoS,7262402.04264803,27000000.0,-0.3922959236521283,1.1353292404255968,-0.3730735198509954,0,Regalcoin
BTCZ,Equihash,PoW,5211553258.01514,21000000000.0,0.057377004023347424,-1.8636554035213935,0.35075626617969186,2,BitcoinZ
TZC,NeoScrypt,PoW/PoS,182638400.0,400000000.0,-0.3443034529670383,0.41116541834338177,-0.22252768824153005,0,TrezarCoin
ELM,X11,PoW,2702855668.85288,1800000000.0,-0.18186962646514154,-0.9174228118152398,0.12104471808483862,2,Elements
TER,Scrypt,PoW/PoS,1140734.91680375,15733333.0,-0.33357368985912306,0.8947300836338026,-0.4793610781867445,0,TerraNovaCoin
VIVO,NeoScrypt,PoW,4165967.57499639,27000000.0,-0.18419646344032226,-1.6418844729339188,0.2734320498491353,2,VIVO Coin
RUP,Lyra2REv2,PoS,24000000.0,24000000.0,-0.30173442495755554,0.823900943092568,-0.13691522476283813,0,Rupee
BTG,Equihash,PoW,17202361.088994,21000000.0,-0.15476421879808722,-1.8563576385058653,0.35642244287743596,2,Bitcoin Gold
WOMEN,Scrypt,PoW/PoS,48459472454.0,25000000000.0,0.43546937503757355,0.9048833537757711,-0.5088787166928305,0,WomenCoin
MAY,SHA-256,PoW/PoS,92050800.0,100000000.0,-0.304786165048787,0.7572619386778128,-0.3597810071759627,0,Theresa May Coin
NAMO,NIST5,PoW/PoS,560563220.0,1200000000.0,-0.3394635563470537,1.450229733383946,-0.5123456496750447,0,NamoCoin
LUX,PHI1612,PoW/PoS,8305775.31777569,60000000.0,-0.40310898202533874,1.7969574906914811,-0.5038564000999775,0,LUXCoin
PIRL,Dagger,PoW,33986980.0,156306732.71,-0.15162263264430018,-2.181319044793269,0.4353774176304987,2,Pirl
XIOS,Scrypt,PoW/PoS,2149688.0,21000000.0,-0.33352403740937026,0.8947281200349092,-0.4793623417176547,0,Xios
BTDX,Quark,PoW/PoS,30711550.5294042,200000000.0,-0.39186466168358636,1.673613112364447,-0.45806811136365355,0,Bitcloud 2.0
EBST,Scrypt,PoW,99990001.493466,100000000.0,-0.16683808858407714,-1.1584057179072718,0.016386764360584113,2,eBoost
KEK,POS 2.0,PoS,12330806.30517,21000000.0,-0.3516250753352843,1.880202658637053,-0.4056181800001923,0,KekCoin
BLHC,Scrypt,PoW/PoS,16362544.992,14788275.991,-0.33339443750091174,0.894737302332007,-0.47936914810468356,0,BlackholeCoin
XIN,SHA-256,PoS,8999999990.0,9000000000.0,-0.09143760039164679,0.6860617441861033,-0.15763242290153165,0,Infinity Economics
PURA,X11,PoW,175215859.0,350000000.0,-0.22302414115984584,-0.9178851516723832,0.12260446027478611,2,Pura
INN,NeoScrypt,PoW,6375259.04,45000000.0,-0.18404190124278103,-1.64189173630699,0.2734283988473882,2,Innova
ELLA,Ethash,PoW,12756367.0,280000000.0,-0.15167154240362718,-1.9936827857271715,0.3950623934851517,2,Ellaism
GBX,NeoScrypt,PoW,5832306.875,31800000.0,-0.18414208778941463,-1.6418859296371417,0.27343049602476005,2,GoByte
MAG,X11,PoW/PoS,38198594.8342105,144000000.0,-0.39108877861806307,1.1352894177264057,-0.3731061798063974,0,Magnet
TAU,DPoS,DPoS,288090567.493887,500000000.0,3.732657433022351,1.8767248569693797,-0.5857005026927399,0,Lamden Tau
ECA,NIST5,PoW/PoS,28399150208.0,30000000000.0,0.2047313817213971,1.4494425464416676,-0.5312782907606416,0,Electra
BCD,X13,PoW/PoS,183534024.889807,210000000.0,-0.26541141102364946,1.6882309288030142,-0.5427297813172623,0,Bitcoin Diamond
XSH,Multiple,PoW,481730566.566176,660000000.0,-0.11530791552157364,-1.7186745000107575,0.314342469783533,2,SHIELD
CNBC,Scrypt,PoW/PoS,110976977.29338,210000000.0,-0.3308550774423612,0.8946900269813278,-0.47944680112280685,0,Cash & Back Coin
XUN,CryptoNight,PoW,19281821413.4924,85000000000.0,1.1395560738555475,-2.2593944423032406,0.351893467580949,2,UltraNote
COAL,CryptoNight,PoW,4500000.0,12500000.0,0.3017220984556618,-2.2290436702086267,0.37389666179695813,2,BitCoal
DAXX,Ethash,PoW,520891780.0,10000000000.0,-0.07657450696381778,-1.9979103166179666,0.39345975968669633,2,DaxxCoin
BWK,NIST5,PoS,13247178.8807286,27716121.0,-0.3130073763519661,1.379430011398947,-0.3037269546620886,0,Bulwark
KLKS,Quark,PoS,16955764.902064,20000000.0,-0.35185776085763804,1.6025965432605203,-0.2498724812896485,0,Kalkulus
AC3,X11,PoW,80316207.0,550000000.0,-0.22276595780637767,-0.918019103529202,0.12262823310520293,2,AC3
LTHN,CryptoNight-V7,PoW,441250233.377,999481516.0,-0.13986820009482803,-2.1033142650885903,0.3376866476152699,2,Lethean
GER,Scrypt,PoW/PoS,4911500269.41,50000000000.0,0.08067050845089606,0.8740144755307628,-0.4888399195530245,0,GermanCoin
LTCU,Scrypt,PoW/PoS,8419402.321,150000000.0,-0.3325331703399943,0.8946718025875271,-0.479383355892011,0,LiteCoin Ultra
POP,Scrypt,PoW,3964201248.87125,4999999999.0,-0.08490438707476523,-1.158928468521003,0.013635398686286562,2,PopularCoin
PNX,X11,PoW/PoS,45174214.1078625,50000000.0,-0.39166978069145286,1.1353356014874736,-0.37309708538517294,0,PhantomX
PHO,BLAKE256,PoW,30089671530.5228,90000000000.0,1.1053442028137968,-1.3206840125232282,0.06919077099013178,2,Photon
SUCR,X11,PoW,4229040.50393462,19800000.0,-0.22745318727328703,-0.9178100654833509,0.12274170653180386,2,Sucre
SPK,NeoScrypt,PoW,7847417.33355824,21000000.0,-0.18419401513494807,-1.641880082389204,0.27343088718775926,2,SparksPay
WAGE,Quark,PoS,27299680.0,120000000.0,-0.35102265805595334,1.6025553308575917,-0.24989172509062008,0,Digiwage
GUN,NeoScrypt,PoW,299797953.0,500000000.0,-0.17723266376371066,-1.64196943033732,0.2732081405110907,2,GunCoin
IRL,Scrypt,PoW,45483049.3398182,64000000.0,-0.16775909491015675,-1.158413519755061,0.016421046132690516,2,IrishCoin
TROLL,Scrypt,PoW/PoS,591022748.0,900000000.0,-0.3201005020327882,0.8945878411800368,-0.47979971222533396,0,Trollcoin
LCP,Scrypt,PoW/PoS,2504486.227718,4000000.0,-0.3336401891533569,0.8947360682026092,-0.4793602085670472,0,Litecoin Plus
MONK,X11,PoS,4407252.0,21000000.0,-0.3509226507331132,1.0642377976652435,-0.16490755082024022,0,Monkey Project
PCOIN,X11,PoW,8478104.33969947,23000000.0,-0.22737860079163663,-0.9178096376724039,0.12273898029386207,2,Pioneer Coin
UBTC,SHA-256,PoW,20166000.0,20166000.0,-0.14129930812303368,-1.2958747766204264,0.13608123618584353,2,UnitedBitcoin
ITZ,C11,PoW,11916588.09471,23000000.0,-0.19682330998730313,-1.1381225445740342,0.17005472878472422,2,Interzone
TPAY,POS 3.0,PoS,20445861.5344251,25000000.0,-0.34794514309212815,1.7028439282958054,-0.22155764972078756,0,TokenPay
MCT,Ethash,PoS,1618033.0,1618033.0,-0.27726076145943207,-0.011511852917577003,0.10745745649623743,0,1717 Masonic Commemorative Token
MBC,Scrypt,PoW and PoS,9399342.52839847,30000000.0,-0.27772963554346347,0.08967031064684194,-0.27837949278732016,0,My Big Coin
TRTL,CryptoNight,PoW,53139835213.77,1000000000000.0,8.03814768634365,-2.663586608107263,0.2085561785637266,2,TurtleCoin
MUN,SkunkHash,PoW,4818338.98949984,16600000.0,-0.14991890421153814,-2.158394453666446,0.3410155445749685,2,MUNcoin
USX,Scrypt,PoW/PoS,234846265.782157,232000000.0,-0.3291859612198268,0.8947351647470154,-0.479516530361622,0,Unified Society USDEX
NBR,CryptoNight,PoW,133932467.774108,336000000.0,0.305596028969719,-2.2291342104844536,0.37378271454797224,2,Niobio Cash
SSS,Scrypt,PoW,10000000000.0,10000000000.0,0.024266273028034895,-1.1585289837117374,0.009700649654215453,2,ShareChain
TRF,Dagger,PoW,107325266.027783,100000000.0,-0.15112579753086375,-2.1812605500117175,0.43534561277187667,2,Travelflex
KREDS,Lyra2REv2,PoW,643795911.540095,1100000000.0,-0.1630567693024958,-1.1583641568401097,0.15025281155877826,2,KREDS
TOKC,X13,PoS,230298925.0,800000000.0,-0.2192078806036932,1.6168884974805446,-0.33467202563071,0,Tokyo Coin
BBP,Proof-of-BibleHash,POBh,1772091549.88818,5200000000.0,-0.22249780116923545,5.085585030711886,3.8721968754240432,0,BiblePay
LCC,SHA-256 + Hive,PoW + Hive,638382332.208514,840000000.0,-0.3724343602767741,4.187533066114452,4.517965227814007,0,LitecoinCash
FLIP,Scrypt,PoW,12446100.00278,40000000.0,-0.16833277372330793,-1.158417249445549,0.016442122575515503,2,BitFlip
LOT,Scrypt,PoW,14491014421.0,18406979840.0,0.1387124375762166,-1.1603793383261516,0.0061321821217514005,2,LottoCoin
CIF,X11,PoW,211297638.500483,500000000.0,-0.22152025284861623,-0.9179378023244137,0.12256451688370183,2,Crypto Improvement Fund
SPD,C11,PoW/PoS,11251342.1879021,19340594.0,-0.36178819379950167,0.9150200887207314,-0.3257570206566795,0,Stipend
POA,Proof-of-Authority,PoA,204479039.0,252460800.0,-0.4395728634799191,5.7402957041329845,8.031696166210368,3,Poa Network
PUSHI,X11,PoW/PoS,2167827.1,25000000.0,-0.39237233404574606,1.1353278858166622,-0.37307050224952565,0,Pushi
ELP,XEVAN,PoW/PoS,419275.38,60000000.0,-0.3246260894967378,1.4541711833657867,-0.5943111684836574,0,Ellerium
VLX,Scrypt,PoS,25570013.1348022,124000000.0,-0.29105725429008195,0.8235984427863792,-0.2712254284080371,0,Velox
ONT,VBFT,PoS,650848625.0,1000000000.0,-0.32490029990012886,1.671041669204041,-0.19887772551173505,0,Ontology
CLO,Ethash,PoW,247612453.0,6500000000.0,-0.1047188366670329,-1.996428315751671,0.39408548397219406,2,Callisto Network
TUBE,CryptoNight,PoW,80049082.9057215,1000000000.0,0.30964382742798857,-2.2294624992398577,0.3737209556027883,2,BitTube
PSD,Scrypt,PoW,4070212.1493016,21000000.0,-0.1685697547697181,-1.1584122768069767,0.016449231894794282,2,Poseidon
ADK,IMesh,PoW,25000000.0,25000000.0,-0.14214701172972355,-2.0522234288049535,0.5181413864633977,2,Aidos Kuneen
BSX,NIST5,PoW/PoS,13787854.6277781,50000000.0,-0.35429351246762875,1.4505129605514497,-0.5118939033679863,0,Bitspace
BRIA,Scrypt,PoW/PoS,845637.81347436,3000000.0,-0.33366754113585184,0.8947357869500644,-0.479359178318131,0,Briacoin
IC,Scrypt,PoW/PoS,1182153.5,5000000.0,-0.3336492554232841,0.8947350204922789,-0.47935963302247,0,Ignition
BTL,Equihash,PoW,71355477.0,70000000.0,-0.15375539861782964,-1.8563559514547439,0.3563865743213374,2,Bitrolium
MEDIC,Scrypt,PoS,267297676.3125,500000000.0,-0.2854394312159272,0.8235339045464198,-0.27140704058365683,0,MedicCoin
ALPS,Lyra2Z,PoW,27340501.6514783,300000000.0,-0.1457658361863413,-2.1650250380039875,0.42698604964670417,2,Alpenschillling
BITG,Green Protocol,PoS,9803691.3618195,21000000.0,-0.3684356323345874,1.7915804434044564,-0.2722754539106066,0,Bitcoin Green
DEV,PoS,PoS,21876586.8530324,88000000.0,-0.3607845805365543,1.7435069906629868,-0.1634318539195652,0,Deviant Coin
ABJ,Scrypt,PoW/PoS,9880502.37178894,30000000.0,-0.3333658107153454,0.8947274421883799,-0.47936773636041574,0,Abjcoin
SEM,Semux BFT consensus,DPoS,1231147.0,100000000.0,3.90695197905016,1.9528674320566537,-0.6192762940936063,0,Semux
FTO,X11,PoW,31801461.1867843,100000000.0,-0.2265479509427985,-0.9178345246301672,0.1227158897899848,2,FuturoCoin
CARE,Quark,PoW/PoS,139739596.506702,200000000.0,-0.39053276982247376,1.6736617153236482,-0.45812683859910236,0,Carebit
NZL,PoS,PoS,11075254.0929996,80000000.0,-0.3609732294207383,1.7435058414859776,-0.1634249420835898,0,Zealium
XMC,CryptoNight,PoW,16016864.0,18400000.0,0.3019046047421685,-2.2290412397645825,0.373889651659326,2,Monero Classic
PROTON,X16R,PoS,4403800.0,45000000.0,-0.31741999140427835,0.7789252588013073,-0.10028420114620325,0,Proton
DEAL,Scrypt,PoW/PoS,1404157529.46026,5121951220.0,-0.28024450753462593,0.8930156755281041,-0.4808149321127074,0,iDealCash
JUMP,NIST5,PoW,21069346.2522598,21000000.0,-0.18947927489170327,-0.6026117576259672,-0.016081252490519223,2,Jumpcoin
INFX,Lyra2RE,PoW,5097689.71077377,26280000.0,-0.15187189346837207,-2.1197685595123597,0.3370931303496221,2,Infinex
XBI,XEVAN,PoS/PoW,10904963.0923455,21000000.0,-0.3004325398724064,1.1556055492596637,-0.5249747036644019,0,Bitcoin Incognito
KEC,Tribus,PoW,795447.0,18000000.0,-0.15160733965220727,-2.001556431276631,0.2780043789343285,2,KEYCO
HWC,Scrypt,PoS,38706809.466535,26000000.0,-0.2915913407692353,0.8236492060438368,-0.27121910577927955,0,HollyWoodCoin
GIN,Lyra2Z,PoW,6986399.70430446,10500000.0,-0.1480662881771275,-2.164901452345823,0.4270365940351376,2,GINcoin
PLTC,CryptoNight,PoW,84300.0,600000518.0,0.30583201331321025,-2.229314852279166,0.37381871651132237,2,PlatinCoin
LOKI,CryptoNight Heavy,PoW,19153632.0,150000000.0,0.5799679224397228,-2.209345491227987,0.334528777755286,2,Loki
NCP,CryptoNight,PoW,41294520017.0,184000000000.0,2.110117886517799,-2.2949468526168144,0.32650107479056795,2,Newton Coin
SIC,Scrypt,PoW/PoS,10200000000.0,10200000000.0,-0.13680385668964326,0.8946097789607823,-0.48624703135142744,0,Swisscoin
XT3,Scrypt,PoS,7630000.0154,44000000.0,-0.2918434031837467,0.8236271042593253,-0.2712048274430466,0,Xt3ch
MGD,Jump Consistent Hash,PoW,135862416.039898,168000000.0,-0.14817818014181486,-2.0073717150705965,0.3192409135521927,2,MassGrid
VIG,SHA-256D,PoW/PoS,33238183.7225834,100000000.0,-0.35038090826050744,1.7732310418363715,-0.6191528696854819,0,TheVig
PLURA,CryptoNight,PoW,560085952.404637,1000000000.0,0.3155079809472843,-2.2292485064807113,0.3734623869197809,2,PluraCoin
EMAR,Scrypt,PoW/PoS,21599339.6728,84000000.0,-0.3328399326746495,0.8947079215390105,-0.47938143157913676,0,EmaratCoin
DKD,X15,PoS,30284196.369129,90000000.0,-0.19697277741217653,1.8035234736401675,-0.37857305144123815,0,Dekado
LYNX,Scrypt,HPoW,77872059787.8998,92000000000.0,2.2309034716573795,-0.11591782057605192,-0.30630065032518855,2,Lynx
POSQ,Quark,PoS,2716264.95302831,650000000.0,-0.34756664274415494,1.6023015071236328,-0.24995094563044287,0,Poseidon Quark
BWS,SHA-256,PoS,57811001.000889,100262205.0,-0.2637519056964673,0.6861536355779492,-0.1515989891878963,0,BitcoinWSpectrum
MUSE,DPoS,PoS,18194936.0,18081806.0,1.021420979896384,1.7367014727762258,-0.35979759111273707,0,Muse
XMN,X16R,PoW,8125865.02097646,22075700.0,-0.19405685100767822,-1.203110910819868,0.18736592551997477,2,Motion
PLUS1,HMQ1725,PoW,8645406.16776286,21000000.0,-0.17163142261663242,-2.12102636366886,0.5008698173268716,2,PlusOneCoin
AXE,X11,PoW,4993030.69736615,21000000.0,-0.22743534943984622,-0.9178102747913994,0.1227411309481073,2,Axe
TRVC,X16R,PoW/PoS,36923120.6205934,82546564.0,-0.358207301941994,0.8500154696174254,-0.3084704616700775,0,Trivechain
DTEM,Quark,PoS,7082392.24744494,21000000.0,-0.3519712870431825,1.6025916836333487,-0.2498672997840028,0,Dystem
GIC,Quark,PoW/PoS,5919489.76813523,5151000.0,-0.39354849751443133,1.6736913471986476,-0.4580281172959556,0,Giant
PNY,Scrypt,PoS,1042012.45227735,16880000000.0,-0.1726002414313705,0.8159093137455771,-0.2735031169157582,0,Peony Coin
ABS,Lyra2REv2,PoW/PoS,13332617.9413708,52500000.0,-0.34311342304680725,0.8949760474245372,-0.3450769861980659,0,Absolute Coin
VITAE,Quark,PoS,66053877.6256106,100000000.0,-0.3506909831184452,1.6025817715700634,-0.24990986535879525,0,Vitae
HEX,Scrypt,PoW,1416663.06600024,22105263.0,-0.16859433720068712,-1.1584139661875161,0.016450510098568752,2,HexCoin
TPC,Scrypt,PoW/PoS,5403802.49590733,1000000000.0,-0.32654571024141593,0.8942809580651435,-0.47949794457535594,0,TPCash
WEBC,CryptoNight-V7,PoW,15580199.3087496,1750000000.0,-0.13974897325031985,-2.1038479362311575,0.3378133201777271,2,Webchain
RYO,Cryptonight-GPU,PoW,4890897.0,88188888.0,-0.15024680050451222,-2.2065694590880494,0.3739344086730735,2,Ryo
URALS,XEVAN,PoW,14746153.0962884,210000000.0,-0.1584571386894122,-0.5990324182543673,-0.09852678565079079,2,Urals Coin
QWC,CryptoNight Heavy,PoW,99553110528.8022,184470000000.0,3.1022310127547397,-2.249436821395969,0.2557150197929809,2,Qwertycoin
ARE,X11,PoS,19269509.94,55000000.0,-0.35050012072180964,1.0642288430134916,-0.16492020479777467,0,ARENON
EUNO,X11,PoW/PoS,30771125.9760867,50000000.0,-0.39184572950981117,1.1353291808211343,-0.3730893272570662,0,EUNO
MMO,Scrypt,PoS,107763867.917675,260000000.0,-0.2890892823912915,0.8235727634577131,-0.27128829566657764,0,MMOCoin
KETAN,PoS,PoS,9327131.59708692,210000000.0,-0.3600732212217393,1.743445491579624,-0.16344177422440015,0,Ketan
PPAI,SHA-256,PoW,2100000000.0,2100000000.0,-0.10115131874994399,-1.2959006737599565,0.1346765899744303,2,Project Pai
XDNA,Keccak,PoW/PoS,4672513.84432375,366000000.0,-0.3468368911028928,0.9606533190476615,-0.39188222865216066,0,XDNA
PAXEX,X11,PoS,4504639.0,100000000.0,-0.35036155562989857,1.0642016404704806,-0.1649184042515532,0,PAXEX
AZART,X11,PoW,5015881.37315389,25000000.0,-0.22740672065342524,-0.9178120975471274,0.12274057175495966,2,Azart
TSC,Scrypt,PoW/PoS,1059954080.43439,18000000000.0,-0.1931772970267347,0.8869610553893178,-0.48239023142854043,0,ThunderStake
KCASH,SHA-512,Zero-Knowledge Proof,1000000000.0,1000000000.0,-0.3030315771064406,1.218926212722027,-0.14953581853433576,0,Kcash
XCG,X16R,PoW,9753753.61515394,100000000.0,-0.19348468315060185,-1.2031458928175187,0.18735439476509647,2,Xchange
AAC,ECC 256K1,DPOS,1000000000.0,1000000000.0,-0.37060130127703855,4.840683143204061,11.911528834423859,3,Acute Angle Cloud
CRYP,Equihash,PoW,4235111504.0,7600000000.0,-0.04952255438249419,-1.8579503292893367,0.35311428408931345,2,CrypticCoin
BTXC,XEVAN,PoS,6787405.18013774,50000000.0,-0.2831684941883787,1.383085685138272,-0.38614962062676955,0,Bettex coin
ACM,Lyra2Z,PoW,13634850.0,84000000.0,-0.1474641457261679,-2.1649321688858243,0.42702296388350913,2,Actinium
BSV,SHA-256,PoW,17992514.6469233,21000000.0,-0.14131994862454966,-1.295876127693883,0.1360822928938684,2,Bitcoin SV
BITM,XEVAN,Pos,208515864.367343,70000000000.0,0.47963026017974386,1.3330180517535108,-0.6732612648760816,0,BitMoney
JMC,X11,PoS,17209923728.3266,0.0,-0.1408880683536202,1.0719173646874118,-0.1741723172638597,0,Junson Ming Chan Coin
FRED,CryptoNight,PoW,1867054873.28397,8080000000.0,0.38165284162919644,-2.231910188321522,0.37179041069506547,2,FREDEnergy
HERB,Quark,PoW/PoS,35312185.7437239,54000000.0,-0.39284322201568284,1.673682065644126,-0.45805062817081293,0,HerbCoin
UMO,Blake,PoW,1578281.31341127,105120001.44,-0.14523209587250255,-2.15345044160053,0.40669325855325417,2,Universal Molecule
LIT,Blake,PoW,15846721.2482747,25228800.0,-0.1456240136522594,-2.1534074719696923,0.40669649577308437,2,Lithium
PIRATE,Equihash,PoS,13475920.0,105000000.0,-0.2776945441036406,0.1256505421076411,0.06876396822567361,0,PirateCash
EXO,Exosis,PoW,406091.925,21000000.0,-0.15429889607534145,-2.1351925663684157,0.28666246008596824,2,Exosis
BLTG,Scrypt,PoW,35284717.173946,120000000.0,-0.16748678324660007,-1.1584437271991523,0.01641888300987012,2,Block-Logic
OWC,Scrypt,PoW/PoS,14777549.3940764,21000000.0,-0.33336977484634545,0.8947337493335602,-0.4793691436316268,0,Oduwa
BEAM,Equihash,PoW,35687520.0,262800000.0,-0.15282466737991943,-1.8564601994732808,0.3563794267838291,2,Beam
GALI,Quark,PoW/PoS,18265011.2486006,19035999.0,-0.393299275343543,1.673690488034548,-0.45803666550306593,0,Galilel
BTH,Equihash,PoW,25150787.5,30886000.0,-0.15459705429932527,-1.8563586253411233,0.3564168098844106,2,Bithereum
CSPN,Quark,PoS,1934701.67524713,13370000.0,-0.3520882484202507,1.6025928852124538,-0.24986348383182005,0,Crypto Sports
CREDIT,Scrypt,PoW/PoS,30825710000.0296,74800000000.0,0.5730075197885687,0.8742023741778283,-0.5061891227816386,0,Credit
SLC,QuBit,PoW,12925790.4226959,100000000.0,-0.18763102936965423,-1.4253560074645761,0.12432284019885456,2,SLICE
DASHP,X11,PoS,715659.44237941,19700000.0,-0.3509769610390826,1.0642367477185342,-0.1649053846307847,0,Dash Platinum
NSD,Scrypt,PoW/PoS,20546528.2059957,84000000.0,-0.3328527938702377,0.8947074522124965,-0.4793808644892074,0,Nasdacoin
BEET,XEVAN,PoW/PoS,198938144.363399,500000000.0,-0.31908251287022094,1.4540580562613157,-0.5944782566847442,0,Beetle Coin
TTN,SHA-256D,PoW/PoS,896361168.0,5000000000.0,-0.30510864551681616,1.7713704540711874,-0.6202877190273517,0,Titan Coin
AWR,X11,PoW/PoS,15420234.5389336,420000000.0,-0.3894109149034965,1.1351527904863012,-0.3731316454433423,0,Award
BLAST,SHA-256,PoW,52293836.6277958,64000000.0,-0.14059616337732325,-1.2958805408417138,0.1360579377023703,2,BLAST
XRC,X13,PoW,1170292.5,2100000.0,-0.10418182635326823,-0.36489635184263025,-0.04679051987301096,2,Bitcoin Rhodium
GLT,SHA-256,PoW,84613099.9999955,168000000.0,-0.13946425902118859,-1.2959137899280295,0.13602631014069536,2,GlobalToken
INSN,X11,PoW/PoS,23775960.3207514,30000000.0,-0.3920729309977109,1.135335227199129,-0.3730828249334667,0,Insane Coin
ALX,DPoS,DPoS,1000000000.0,1000000000.0,3.7448978581228483,1.8768130970345116,-0.5861523285951288,0,ALAX
LDOGE,Scrypt,PoW/PoS,15318887081.0146,35000000000.0,0.10149649153116527,0.8855274553522691,-0.4923949716524015,0,LiteDoge
SLR,Scrypt,PoW,55565076.3863525,98100000000.0,0.5271854302810952,-1.203332605579698,0.003012016386649839,2,SolarCoin
TRK,X11,PoW/PoS,242574105.22384,0.0,-0.3896127046319113,1.1354465109793213,-0.3731965774704074,0,TruckCoin
UFO,NeoScrypt,PoW,3824685012.0,4000000000.0,-0.10936653738916739,-1.642001916479968,0.2708309592389724,2,UFO Coin
OC,Scrypt,PoW/PoS,3537150.0,200000000.0,-0.3322384416511953,0.8946467143801006,-0.47938756215888606,0,OrangeCoin
BLC,Blake,PoW,23356790.1494191,7000000000.0,-0.09609920458390422,-2.156600212207459,0.40573885146687944,2,BlakeCoin
BITS,Scrypt,PoW/PoS,20576532.0,54256119.0,-0.33306323443297625,0.8947210952913318,-0.4793768140315813,0,BitstarCoin
NEOS,SHA-256,PoS,4392258.24647793,21000000.0,-0.2649662354042937,0.6861661431167428,-0.15155937871219063,0,NeosCoin
HYPER,Scrypt,PoW/PoS,9631199.99309942,0.0,-0.3335814785161981,0.8947410781198214,-0.4793635004394723,0,HyperCoin
PINK,X11,PoW/PoS,436353624.490312,500000000.0,-0.3837017795078387,1.1353037770156342,-0.373369316123867,0,PinkCoin
CESC,Scrypt,PoW,780210700.0,1000000000.0,-0.15214981043795045,-1.1585148983923472,0.015897318906829088,2,Crypto Escudo
ADC,Scrypt,PoW/PoS,980732528.97974,10500000000.0,-0.24730064906178467,0.8903625063022971,-0.48132215029734066,0,AudioCoin
NKA,SHA-256,PoW/PoS,17939725045.334,190000000.0,-0.08612024988222287,0.7651769052174309,-0.36940684370494786,0,IncaKoin
PIGGY,X11,PoW/PoS,494240666.028571,1000000000.0,-0.3794509234371026,1.135100464358717,-0.37346885719349665,0,Piggy Coin
CRW,SHA-256,PoW,22986929.0854247,42000000.0,-0.14111010099951674,-1.2958835242103206,0.13607673154047584,2,Crown Coin
GEN,Scrypt,PoW/PoS,60000000.0,15000000.0,-0.3328598596737524,0.8947566581920842,-0.47939268207820296,0,Genstake
SMLY,Scrypt,PoW,29583989322.9213,50000000000.0,0.5470016445299484,-1.1681281764195321,-0.006316984416064585,2,SmileyCoin
MI,Scrypt,PoW/PoS,404316475.545465,400000000.0,-0.32592502003311585,0.8947337282840294,-0.47963078352946087,0,XiaoMiCoin
GRS,Groestl,PoW,73298203.8873662,105000000.0,-0.20260866378244963,-1.1958688696343884,0.1544091879788636,2,Groestlcoin
CPC,X11,PoW/PoS,201364327.427503,208000000.0,-0.38864194390621026,1.135332827325367,-0.3732028181049905,0,CapriCoin
CLUB,Scrypt,PoW/PoS,103621876.167052,160000000.0,-0.33129929823029813,0.8947096599723005,-0.47943600328648067,0, ClubCoin
RADS,PoS,PoS,3821245.74150193,9000000.0,-0.36156505087215957,1.7435351424890102,-0.16341132755511042,0,Radium
BTA,Scrypt,PoW,5052555.91981545,5000000.0,-0.16867115297676136,-1.158404507125058,0.01645089030095224,2,Bata
PAK,Scrypt,PoW,69684455.4387001,182000000.0,-0.16662713494435122,-1.1584568029499982,0.01639187710437628,2,Pakcoin
CRB,X11,Proof of Trust,16901016.6609755,16504333.0,-0.37785918793389467,0.5284635477129765,0.23700106153521847,0,Creditbit 
OK,SHA-256,PoW/PoS,74676064.9488608,105000000.0,-0.30496297859721355,0.7572519021210603,-0.3597723319958865,0,OKCash
LSK,DPoS,DPoS,120012140.0,159918400.0,3.7281938809992026,1.8768057677730028,-0.5855634719971234,0,Lisk
XHI,Scrypt,PoS,10000244677.7002,10008835635.0,-0.09914826159878849,0.8235154101470354,-0.27794968745255566,0,HiCoin
XWC,Scrypt,PoW/PoS,252005564.19257,300000000.0,-0.32849439849904555,0.8947116540705198,-0.4795350701454542,0,WhiteCoin
FSC,NeoScrypt,PoW/PoS,1120385.00502,60168145.0,-0.3489294135931297,0.4112402235518001,-0.22238345254647962,0,FriendshipCoin
J,Multiple,PoW,3332922.5,2800000.0,-0.12580989027671075,-1.7185866096269593,0.3146900086783373,2,JoinCoin
TRI,X13,PoW/PoS,140777.753365,120000.0,-0.2691392574516664,1.688245349503382,-0.5426023027138107,0,Triangles Coin
VOLLAR,Equihash+Scrypt,PoW,100000000.0,2100000000.0,-0.1227634765257152,-2.1791095501533198,0.35292688010962187,2,Vollar
EOS,DPoS,DPoS,1020544523.0722,0.0,3.7380614206400224,1.8772804910028096,-0.5860266735709542,0,EOS
RCC,Ethash,PoW,24487944.0958204,24487944.0,-0.15333914768715032,-1.9935604712706012,0.3950910082625642,2,Reality Clash
OXY,DPoS,DPoS,1122382283.37,0.0,3.739305475624946,1.8773258886476492,-0.5860815278066062,0,Oxycoin
TCH,SHA-256,PoS,1000000000.0,1000000000.0,-0.24586526852797086,0.6861613565232005,-0.1522295062840982,0,TigerCash
WAVES,Leased POS,LPoS,100000000.0,100000000.0,-0.4025316805273694,2.9372861001112045,21.300620306726145,3,Waves
PART,PoS,PoS,9283137.5558676,8634140.0,-0.36150092113863386,1.7435377449630862,-0.16341421954617485,0,Particl
BTT,TRC10,DPoS,989988713439.649,990000000000.0,34.05778718409582,1.9692891661925074,-1.9884587923334884,1,BitTorrent
NXT,PoS,PoS/LPoS,1000000000.0,1000000000.0,-0.40287267942614075,2.0185387824607055,0.05361803275181229,0,Nxt
ZEPH,SHA-256,DPoS,1999999995.3056,2000000000.0,2.4779620330349856,0.8262728060645781,-0.3785965165119615,0,ZEPHYR
GAP,Scrypt,PoW/PoS,14931046.1546605,250000000.0,-0.33174488274865926,0.8946288818193586,-0.4794005354654267,0,Gapcoin
BDX,CryptoNight,PoW,980222595.0,1400222610.0,0.32347693228447844,-2.2292446125119376,0.3731813641838594,2,Beldex
ZEN,Equihash,PoW,7296537.5,21000000.0,-0.15488522881617517,-1.8563620543635968,0.356427778583758,2,Horizen
XBC,Scrypt,PoS,128326.99633965,1000000.0,-0.29223980262842136,0.823643464262053,-0.27119490770510923,0,BitcoinPlus
